total_return,annualized_return,annualized_vol,sharpe,avg_monthly_turnover,final_value_from_100k
0.5534360372137304,0.5534360372137304,0.2294414587349379,2.053820605370607,0.34525250983104794,155343.60372137305
